owner,name,url,microservice
miansen,Roothub,https://github.com/miansen/Roothub,FALSE
huanglu20124,invoice,https://github.com/huanglu20124/invoice,FALSE
Lab41,Dendrite,https://github.com/Lab41/Dendrite,FALSE
pibigstar,parsevip,https://github.com/pibigstar/parsevip,FALSE
OCR4all,OCR4all,https://github.com/OCR4all/OCR4all,FALSE
moocss,EasyCMS,https://github.com/moocss/EasyCMS,FALSE
Vino007,javaEEScaffold,https://github.com/Vino007/javaEEScaffold,FALSE
GdeiAssistant,GdeiAssistant,https://github.com/GdeiAssistant/GdeiAssistant,FALSE
purang-fintech,seppb,https://github.com/purang-fintech/seppb,FALSE
muralibasani,kafkawize,https://github.com/muralibasani/kafkawize,FALSE
qianqianjun,Educational-management,https://github.com/qianqianjun/Educational-management,FALSE
wsk1103,movie-boot,https://github.com/wsk1103/movie-boot,FALSE
JoeyBling,bootplus,https://github.com/JoeyBling/bootplus,FALSE
forTribeforXuanmo,sword-forum,https://github.com/forTribeforXuanmo/sword-forum,FALSE
justinscript,travel.b2b,https://github.com/justinscript/travel.b2b,FALSE
superman544,JavaOJSystem,https://github.com/superman544/JavaOJSystem,FALSE
514840279,danyuan-application,https://github.com/514840279/danyuan-application,FALSE
iminto,baicai,https://github.com/iminto/baicai,FALSE
krishagni,openspecimen,https://github.com/krishagni/openspecimen,FALSE
justinscript,shopping.plat,https://github.com/justinscript/shopping.plat,FALSE
cym1102,nginxWebUI,https://github.com/cym1102/nginxWebUI,FALSE
Jannchie,biliob_backend,https://github.com/Jannchie/biliob_backend,FALSE
INCF,eeg-database,https://github.com/INCF/eeg-database,FALSE
Lotharing,SDIMS,https://github.com/Lotharing/SDIMS,FALSE
kanban,kanban-app,https://github.com/kanban/kanban-app,FALSE
Frodez,BlogManagePlatform,https://github.com/Frodez/BlogManagePlatform,FALSE
finallysmile3,ExamSystem,https://github.com/finallysmile3/ExamSystem,FALSE
cloudfoundry-attic,login-server,https://github.com/cloudfoundry-attic/login-server,FALSE
atlasapi,atlas,https://github.com/atlasapi/atlas,FALSE
metasfresh,metasfresh-webui-api-legacy,https://github.com/metasfresh/metasfresh-webui-api-legacy,FALSE
tangdu,smh2,https://github.com/tangdu/smh2,FALSE
qiao-zhi,jwxt,https://github.com/qiao-zhi/jwxt,FALSE
jiangzongyao,kettle-master,https://github.com/jiangzongyao/kettle-master,FALSE
jdmr,mateo,https://github.com/jdmr/mateo,FALSE
shuxianfeng,movision,https://github.com/shuxianfeng/movision,FALSE
leluque,university-site-cms,https://github.com/leluque/university-site-cms,FALSE
ghostxbh,uzy-ssm-mall,https://github.com/ghostxbh/uzy-ssm-mall,FALSE
OpenGeoportal,OGP2,https://github.com/OpenGeoportal/OGP2,FALSE
litblank,hammer,https://github.com/litblank/hammer,FALSE
choerodon,agile-service-old,https://github.com/choerodon/agile-service-old,FALSE
kai8406,cmop,https://github.com/kai8406/cmop,FALSE
gliderwiki,glider,https://github.com/gliderwiki/glider,FALSE
hslooooooool,form_flow,https://github.com/hslooooooool/form_flow,FALSE
mozammel,mNet,https://github.com/mozammel/mNet,FALSE
easy-ware,api-manager,https://github.com/easy-ware/api-manager,FALSE
lvr1997,ershoujiaoyi,https://github.com/lvr1997/ershoujiaoyi,FALSE
Ryan--Yang,CBoard-boot,https://github.com/Ryan--Yang/CBoard-boot,FALSE
GZzzhsmart,P2Pproj,https://github.com/GZzzhsmart/P2Pproj,FALSE
HIIT,dime-server,https://github.com/HIIT/dime-server,FALSE
doooyo,Weixin_Server,https://github.com/doooyo/Weixin_Server,FALSE
justinbaby,my-paper,https://github.com/justinbaby/my-paper,FALSE
edgexfoundry,core-data,https://github.com/edgexfoundry/core-data,FALSE
mofadeyunduo,online-judge,https://github.com/mofadeyunduo/online-judge,FALSE
MiniPa,cjs_ssms,https://github.com/MiniPa/cjs_ssms,FALSE
AURIN,online-whatif,https://github.com/AURIN/online-whatif,FALSE
fishstormX,fishmaple,https://github.com/fishstormX/fishmaple,FALSE
opendevstack,ods-provisioning-app,https://github.com/opendevstack/ods-provisioning-app,FALSE
parasoft,parabank,https://github.com/parasoft/parabank,FALSE
MaritimeConnectivityPlatform,IdentityRegistry,https://github.com/MaritimeConnectivityPlatform/IdentityRegistry,FALSE
zhangyanbo2007,youkefu,https://github.com/zhangyanbo2007/youkefu,FALSE
starqiu,RDMP1,https://github.com/starqiu/RDMP1,FALSE
yunchaoyun,active4j-flow,https://github.com/yunchaoyun/active4j-flow,FALSE
yorkmass,Yark-AdminMS,https://github.com/yorkmass/Yark-AdminMS,FALSE
vector1989,EMAS,https://github.com/vector1989/EMAS,FALSE
768330962,poet_ready_system,https://github.com/768330962/poet_ready_system,FALSE
EUSurvey,EUSURVEY,https://github.com/EUSurvey/EUSURVEY,FALSE
suyeq,steamMall,https://github.com/suyeq/steamMall,FALSE
zlren,noah-health,https://github.com/zlren/noah-health,FALSE
Prasad108,TutesMessanger,https://github.com/Prasad108/TutesMessanger,FALSE
busing,circle_web,https://github.com/busing/circle_web,FALSE
UDA-EJIE,udaLib,https://github.com/UDA-EJIE/udaLib,FALSE
bbaibb1009,wxcrm,https://github.com/bbaibb1009/wxcrm,FALSE
khasang,delivery,https://github.com/khasang/delivery,FALSE
TexnologiaLogismikou,Fiz,https://github.com/TexnologiaLogismikou/Fiz,FALSE
uq-eresearch,oztrack,https://github.com/uq-eresearch/oztrack,FALSE
wang007,live-server,https://github.com/wang007/live-server,FALSE
zxwgdft,paladin-boot,https://github.com/zxwgdft/paladin-boot,FALSE
shenshaoming,byte_easy,https://github.com/shenshaoming/byte_easy,FALSE
nimble-platform,business-process-service,https://github.com/nimble-platform/business-process-service,FALSE
codemky,uni,https://github.com/codemky/uni,FALSE
ushahidi,SwiftRiver-API,https://github.com/ushahidi/SwiftRiver-API,FALSE
softservedata,lv257,https://github.com/softservedata/lv257,FALSE
aramsoft,aramcomp,https://github.com/aramsoft/aramcomp,FALSE
bao17634,Warehouse-system,https://github.com/bao17634/Warehouse-system,FALSE
shigenwang,membership,https://github.com/shigenwang/membership,FALSE
SafeExamBrowser,seb-server,https://github.com/SafeExamBrowser/seb-server,FALSE
Seenck,jeecg-bpm-3.8,https://github.com/Seenck/jeecg-bpm-3.8,FALSE
GraffiTab,GraffiTab-Backend,https://github.com/GraffiTab/GraffiTab-Backend,FALSE
surajcm,Poseidon,https://github.com/surajcm/Poseidon,FALSE
loongw513029,buscloud,https://github.com/loongw513029/buscloud,FALSE
tcrct,duang,https://github.com/tcrct/duang,FALSE
ZFGCCP,ZFGC3,https://github.com/ZFGCCP/ZFGC3,FALSE
WilsonHu,sinsim,https://github.com/WilsonHu/sinsim,FALSE
crypto-coder,open-cyclos,https://github.com/crypto-coder/open-cyclos,FALSE
sfx478076717,goldenarches,https://github.com/sfx478076717/goldenarches,FALSE
zndo,oss-admin-parent,https://github.com/zndo/oss-admin-parent,FALSE
dp2-g56,Dp2-L02,https://github.com/dp2-g56/Dp2-L02,FALSE
cable5881,Fund,https://github.com/cable5881/Fund,FALSE
wangwang1230,te-empl,https://github.com/wangwang1230/te-empl,FALSE
ElectiveTeam,elective_system,https://github.com/ElectiveTeam/elective_system,FALSE
Rocklee830630,WMSystem,https://github.com/Rocklee830630/WMSystem,FALSE
